"OR_Family","Habitat_1","Habitat_2","p_adj_BH"
"OR12","Marine","Freshwater",0.859911438736305
"OR12","Terrestrial","Freshwater",0.00317003950165129
"OR12","Terrestrial","Marine",0.00699300699300699
"OR14","Marine","Freshwater",0.0299046715591481
"OR14","Terrestrial","Freshwater",0.64425385642211
"OR14","Terrestrial","Marine",0.0524475524475524
"OR4","Marine","Freshwater",0.00202403054150972
"OR4","Terrestrial","Freshwater",0.00647097476664303
"OR4","Terrestrial","Marine",0.00202403054150972
"OR51","Marine","Freshwater",0.117455252750951
"OR51","Terrestrial","Freshwater",0.00174825174825175
"OR51","Terrestrial","Marine",0.00174825174825175
